STATE,INDSTRY,CASES,CENSUSPOP,DS_POP,CS_RATE,DS_RATE
Ohio,"Oil & Gas Extraction, Mining",44,11536504,51710,0.3814,0.8509
Ohio,"Manufacturing, Durable Goods",1693,11536504,51710,14.6752,32.7403
Ohio,"Manufacturing, Nondurable Goods",173,11536504,51710,1.4996,3.3456
Ohio,"Transportation, Communications, Utilities",261,11536504,51710,2.2624,5.0474
Ohio,Retail Trade,116,11536504,51710,1.0055,2.2433
Ohio,"Finance, Insurance, Real Estate",237,11536504,51710,2.0543,4.5833
Ohio,Services,383,11536504,51710,3.3199,7.4067
Ohio,Wholesale,4,11536504,51710,0.0347,0.0774
Arkansas,"Oil & Gas Extraction, Mining",3,2915918,6972,0.1029,0.4303
Arkansas,"Manufacturing, Durable Goods",77,2915918,6972,2.6407,11.0442
Arkansas,"Manufacturing, Nondurable Goods",130,2915918,6972,4.4583,18.646
Arkansas,"Transportation, Communications, Utilities",72,2915918,6972,2.4692,10.327
Arkansas,Retail Trade,17,2915918,6972,0.583,2.4383
Arkansas,"Finance, Insurance, Real Estate",10,2915918,6972,0.3429,1.4343
Arkansas,Services,24,2915918,6972,0.8231,3.4423
New York,"Oil & Gas Extraction, Mining",2,19378102,38153,0.0103,0.0524
New York,"Manufacturing, Durable Goods",456,19378102,38153,2.3532,11.9519
New York,"Manufacturing, Nondurable Goods",72,19378102,38153,0.3716,1.8871
New York,"Transportation, Communications, Utilities",437,19378102,38153,2.2551,11.4539
New York,Retail Trade,94,19378102,38153,0.4851,2.4638
New York,"Finance, Insurance, Real Estate",263,19378102,38153,1.3572,6.8933
New York,Services,117,19378102,38153,0.6038,3.0666
New York,"Agriculture, Forestry, Fishing",1,19378102,38153,0.0052,0.0262
New York,Wholesale,2,19378102,38153,0.0103,0.0524
Pennsylvania,"Oil & Gas Extraction, Mining",5,12702379,29461,0.0394,0.1697
Pennsylvania,"Manufacturing, Durable Goods",316,12702379,29461,2.4877,10.726
Pennsylvania,"Manufacturing, Nondurable Goods",196,12702379,29461,1.543,6.6529
Pennsylvania,"Transportation, Communications, Utilities",386,12702379,29461,3.0388,13.1021
Pennsylvania,Retail Trade,107,12702379,29461,0.8424,3.6319
Pennsylvania,"Finance, Insurance, Real Estate",230,12702379,29461,1.8107,7.8069
Pennsylvania,Services,118,12702379,29461,0.929,4.0053
Pennsylvania,Construction,2,12702379,29461,0.0157,0.0679
Pennsylvania,Wholesale,3,12702379,29461,0.0236,0.1018
Georgia,"Oil & Gas Extraction, Mining",1,9687653,68782,0.0103,0.0145
Georgia,"Manufacturing, Durable Goods",296,9687653,68782,3.0554,4.3035
Georgia,"Manufacturing, Nondurable Goods",210,9687653,68782,2.1677,3.0531
Georgia,"Transportation, Communications, Utilities",343,9687653,68782,3.5406,4.9868
Georgia,Retail Trade,86,9687653,68782,0.8877,1.2503
Georgia,"Finance, Insurance, Real Estate",114,9687653,68782,1.1768,1.6574
Georgia,Services,225,9687653,68782,2.3225,3.2712
Georgia,Wholesale,11,9687653,68782,0.1135,0.1599
Indiana,"Oil & Gas Extraction, Mining",19,6483802,20266,0.293,0.9375
Indiana,"Manufacturing, Durable Goods",878,6483802,20266,13.5414,43.3238
Indiana,"Manufacturing, Nondurable Goods",90,6483802,20266,1.3881,4.4409
Indiana,"Transportation, Communications, Utilities",138,6483802,20266,2.1284,6.8094
Indiana,Retail Trade,71,6483802,20266,1.095,3.5034
Indiana,"Finance, Insurance, Real Estate",65,6483802,20266,1.0025,3.2073
Indiana,Services,68,6483802,20266,1.0488,3.3554
Indiana,Wholesale,2,6483802,20266,0.0308,0.0987
Illinois,"Oil & Gas Extraction, Mining",7,12830632,36586,0.0546,0.1913
Illinois,"Manufacturing, Durable Goods",462,12830632,36586,3.6008,12.6278
Illinois,"Manufacturing, Nondurable Goods",182,12830632,36586,1.4185,4.9746
Illinois,"Transportation, Communications, Utilities",378,12830632,36586,2.9461,10.3318
Illinois,Retail Trade,96,12830632,36586,0.7482,2.624
Illinois,"Finance, Insurance, Real Estate",239,12830632,36586,1.8627,6.5326
Illinois,Services,98,12830632,36586,0.7638,2.6786
Illinois,Wholesale,10,12830632,36586,0.0779,0.2733
Louisiana,"Oil & Gas Extraction, Mining",31,4533372,9513,0.6838,3.2587
Louisiana,"Manufacturing, Durable Goods",142,4533372,9513,3.1323,14.9269
Louisiana,"Manufacturing, Nondurable Goods",52,4533372,9513,1.147,5.4662
Louisiana,"Transportation, Communications, Utilities",83,4533372,9513,1.8309,8.7249
Louisiana,Retail Trade,24,4533372,9513,0.5294,2.5229
Louisiana,"Finance, Insurance, Real Estate",48,4533372,9513,1.0588,5.0457
Louisiana,Services,47,4533372,9513,1.0368,4.9406
Louisiana,Wholesale,1,4533372,9513,0.0221,0.1051
Maryland,"Manufacturing, Durable Goods",174,5773552,13274,3.0137,13.1083
Maryland,"Manufacturing, Nondurable Goods",45,5773552,13274,0.7794,3.3901
Maryland,"Transportation, Communications, Utilities",275,5773552,13274,4.7631,20.7172
Maryland,Retail Trade,33,5773552,13274,0.5716,2.4861
Maryland,"Finance, Insurance, Real Estate",76,5773552,13274,1.3163,5.7255
Maryland,Services,40,5773552,13274,0.6928,3.0134
Maryland,Construction,1,5773552,13274,0.0173,0.0753
Maryland,Wholesale,7,5773552,13274,0.1212,0.5273
Texas,"Oil & Gas Extraction, Mining",142,25145561,86419,0.5647,1.6432
Texas,"Manufacturing, Durable Goods",561,25145561,86419,2.231,6.4916
Texas,"Manufacturing, Nondurable Goods",367,25145561,86419,1.4595,4.2468
Texas,"Transportation, Communications, Utilities",692,25145561,86419,2.752,8.0075
Texas,Retail Trade,209,25145561,86419,0.8312,2.4184
Texas,"Finance, Insurance, Real Estate",495,25145561,86419,1.9685,5.7279
Texas,Services,462,25145561,86419,1.8373,5.346
Texas,Construction,1,25145561,86419,0.004,0.0116
Texas,Wholesale,12,25145561,86419,0.0477,0.1389
Florida,"Oil & Gas Extraction, Mining",4,18801310,46533,0.0213,0.086
Florida,"Manufacturing, Durable Goods",508,18801310,46533,2.7019,10.917
Florida,"Manufacturing, Nondurable Goods",207,18801310,46533,1.101,4.4485
Florida,"Transportation, Communications, Utilities",640,18801310,46533,3.404,13.7537
Florida,Retail Trade,233,18801310,46533,1.2393,5.0072
Florida,"Finance, Insurance, Real Estate",428,18801310,46533,2.2764,9.1978
Florida,Services,453,18801310,46533,2.4094,9.735
Florida,Construction,1,18801310,46533,0.0053,0.0215
Florida,Wholesale,18,18801310,46533,0.0957,0.3868
Oklahoma,"Oil & Gas Extraction, Mining",40,3751351,8554,1.0663,4.6762
Oklahoma,"Manufacturing, Durable Goods",142,3751351,8554,3.7853,16.6004
Oklahoma,"Manufacturing, Nondurable Goods",54,3751351,8554,1.4395,6.3128
Oklahoma,"Transportation, Communications, Utilities",104,3751351,8554,2.7723,12.1581
Oklahoma,Retail Trade,18,3751351,8554,0.4798,2.1043
Oklahoma,"Finance, Insurance, Real Estate",32,3751351,8554,0.853,3.7409
Oklahoma,Services,15,3751351,8554,0.3999,1.7536
Iowa,"Oil & Gas Extraction, Mining",1,3046355,7809,0.0328,0.1281
Iowa,"Manufacturing, Durable Goods",76,3046355,7809,2.4948,9.7324
Iowa,"Manufacturing, Nondurable Goods",95,3046355,7809,3.1185,12.1655
Iowa,"Transportation, Communications, Utilities",18,3046355,7809,0.5909,2.305
Iowa,Retail Trade,16,3046355,7809,0.5252,2.0489
Iowa,"Finance, Insurance, Real Estate",19,3046355,7809,0.6237,2.4331
Iowa,Services,36,3046355,7809,1.1817,4.6101
Iowa,Wholesale,1,3046355,7809,0.0328,0.1281
California,"Oil & Gas Extraction, Mining",15,37253956,110781,0.0403,0.1354
California,"Manufacturing, Durable Goods",309,37253956,110781,0.8294,2.7893
California,"Manufacturing, Nondurable Goods",115,37253956,110781,0.3087,1.0381
California,"Transportation, Communications, Utilities",441,37253956,110781,1.1838,3.9808
California,Retail Trade,116,37253956,110781,0.3114,1.0471
California,"Finance, Insurance, Real Estate",272,37253956,110781,0.7301,2.4553
California,Services,947,37253956,110781,2.542,8.5484000000000009
California,Construction,3,37253956,110781,0.0081,0.0271
California,Wholesale,8,37253956,110781,0.0215,0.0722
Wisconsin,"Oil & Gas Extraction, Mining",6,5686986,11819,0.1055,0.5077
Wisconsin,"Manufacturing, Durable Goods",130,5686986,11819,2.2859,10.9992
Wisconsin,"Manufacturing, Nondurable Goods",128,5686986,11819,2.2508,10.83
Wisconsin,"Transportation, Communications, Utilities",78,5686986,11819,1.3716,6.5995
Wisconsin,Retail Trade,42,5686986,11819,0.7385,3.5536
Wisconsin,"Finance, Insurance, Real Estate",76,5686986,11819,1.3364,6.4303
Wisconsin,Services,44,5686986,11819,0.7737,3.7228
Michigan,"Oil & Gas Extraction, Mining",11,9883640,60017,0.1113,0.1833
Michigan,"Manufacturing, Durable Goods",3154,9883640,60017,31.9113,52.5518
Michigan,"Manufacturing, Nondurable Goods",204,9883640,60017,2.064,3.399
Michigan,"Transportation, Communications, Utilities",211,9883640,60017,2.1348,3.5157
Michigan,Retail Trade,70,9883640,60017,0.7082,1.1663
Michigan,"Finance, Insurance, Real Estate",75,9883640,60017,0.7588,1.2496
Michigan,Services,924,9883640,60017,9.3488,15.3956
Michigan,Wholesale,2,9883640,60017,0.0202,0.0333
Mississippi,"Oil & Gas Extraction, Mining",4,2967297,17188,0.1348,0.2327
Mississippi,"Manufacturing, Durable Goods",97,2967297,17188,3.269,5.6435
Mississippi,"Manufacturing, Nondurable Goods",48,2967297,17188,1.6176,2.7926
Mississippi,"Transportation, Communications, Utilities",59,2967297,17188,1.9883,3.4326
Mississippi,Retail Trade,8,2967297,17188,0.2696,0.4654
Mississippi,"Finance, Insurance, Real Estate",15,2967297,17188,0.5055,0.8727
Mississippi,Services,33,2967297,17188,1.1121,1.9199
Mississippi,Wholesale,2,2967297,17188,0.0674,0.1164
Maine,"Manufacturing, Durable Goods",31,1328361,2387,2.3337,12.987
Maine,"Manufacturing, Nondurable Goods",8,1328361,2387,0.6022,3.3515
Maine,"Transportation, Communications, Utilities",20,1328361,2387,1.5056,8.3787
Maine,Retail Trade,4,1328361,2387,0.3011,1.6757
Maine,"Finance, Insurance, Real Estate",12,1328361,2387,0.9034,5.0272
Maine,Services,6,1328361,2387,0.4517,2.5136
Maine,Construction,8,1328361,2387,0.6022,3.3515
Maine,Wholesale,1,1328361,2387,0.0753,0.4189
Nevada,"Manufacturing, Durable Goods",49,2700551,7302,1.8144,6.7105
Nevada,"Manufacturing, Nondurable Goods",25,2700551,7302,0.9257,3.4237
Nevada,"Transportation, Communications, Utilities",58,2700551,7302,2.1477,7.943
Nevada,Retail Trade,30,2700551,7302,1.1109,4.1085
Nevada,"Finance, Insurance, Real Estate",47,2700551,7302,1.7404,6.4366
Nevada,Services,98,2700551,7302,3.6289,13.421
Nevada,Construction,1,2700551,7302,0.037,0.1369
Nevada,Wholesale,2,2700551,7302,0.0741,0.2739
Minnesota,"Oil & Gas Extraction, Mining",6,5303925,10881,0.1131,0.5514
Minnesota,"Manufacturing, Durable Goods",83,5303925,10881,1.5649,7.628
Minnesota,"Manufacturing, Nondurable Goods",64,5303925,10881,1.2067,5.8818
Minnesota,"Transportation, Communications, Utilities",98,5303925,10881,1.8477,9.0065
Minnesota,Retail Trade,103,5303925,10881,1.942,9.466
Minnesota,"Finance, Insurance, Real Estate",81,5303925,10881,1.5272,7.4442
Minnesota,Services,71,5303925,10881,1.3386,6.5251
Minnesota,Wholesale,4,5303925,10881,0.0754,0.3676
Tennessee,"Oil & Gas Extraction, Mining",5,6346105,39193,0.0788,0.1276
Tennessee,"Manufacturing, Durable Goods",332,6346105,39193,5.2316,8.4709
Tennessee,"Manufacturing, Nondurable Goods",180,6346105,39193,2.8364,4.5927
Tennessee,"Transportation, Communications, Utilities",283,6346105,39193,4.4594,7.2207
Tennessee,Retail Trade,88,6346105,39193,1.3867,2.2453
Tennessee,"Finance, Insurance, Real Estate",75,6346105,39193,1.1818,1.9136
Tennessee,Services,220,6346105,39193,3.4667,5.6132
Tennessee,Wholesale,11,6346105,39193,0.1733,0.2807
Kentucky,"Oil & Gas Extraction, Mining",17,4339367,12082,0.3918,1.4071
Kentucky,"Manufacturing, Durable Goods",263,4339367,12082,6.0608,21.7679
Kentucky,"Manufacturing, Nondurable Goods",121,4339367,12082,2.7884,10.0149
Kentucky,"Transportation, Communications, Utilities",50,4339367,12082,1.1522,4.1384
Kentucky,Retail Trade,51,4339367,12082,1.1753,4.2212
Kentucky,"Finance, Insurance, Real Estate",39,4339367,12082,0.8987,3.2279
Kentucky,Services,76,4339367,12082,1.7514,6.2903
Kentucky,Wholesale,1,4339367,12082,0.023,0.0828
Arizona,"Oil & Gas Extraction, Mining",41,6392017,24762,0.6414,1.6558
Arizona,"Manufacturing, Durable Goods",196,6392017,24762,3.0663,7.9154
Arizona,"Manufacturing, Nondurable Goods",37,6392017,24762,0.5788,1.4942
Arizona,"Transportation, Communications, Utilities",109,6392017,24762,1.7053,4.4019
Arizona,Retail Trade,75,6392017,24762,1.1733,3.0288
Arizona,"Finance, Insurance, Real Estate",235,6392017,24762,3.6765,9.4903
Arizona,Services,505,6392017,24762,7.9005,20.3942
Arizona,Construction,3,6392017,24762,0.0469,0.1212
Arizona,Wholesale,2,6392017,24762,0.0313,0.0808
New Mexico,"Oil & Gas Extraction, Mining",6,2059179,2122,0.2914,2.8275
New Mexico,"Manufacturing, Durable Goods",21,2059179,2122,1.0198,9.8963
New Mexico,"Manufacturing, Nondurable Goods",6,2059179,2122,0.2914,2.8275
New Mexico,"Transportation, Communications, Utilities",9,2059179,2122,0.4371,4.2413
New Mexico,Retail Trade,2,2059179,2122,0.0971,0.9425
New Mexico,"Finance, Insurance, Real Estate",14,2059179,2122,0.6799,6.5975
New Mexico,Services,9,2059179,2122,0.4371,4.2413
Virginia,"Oil & Gas Extraction, Mining",2,8001024,16696,0.025,0.1198
Virginia,"Manufacturing, Durable Goods",164,8001024,16696,2.0497,9.8227
Virginia,"Manufacturing, Nondurable Goods",93,8001024,16696,1.1624,5.5702
Virginia,"Transportation, Communications, Utilities",199,8001024,16696,2.4872,11.919
Virginia,Retail Trade,75,8001024,16696,0.9374,4.4921
Virginia,"Finance, Insurance, Real Estate",105,8001024,16696,1.3123,6.2889
Virginia,Services,86,8001024,16696,1.0749,5.1509
Wyoming,"Oil & Gas Extraction, Mining",3,563626,756,0.5323,3.9683
Wyoming,"Manufacturing, Durable Goods",2,563626,756,0.3548,2.6455
Wyoming,"Manufacturing, Nondurable Goods",2,563626,756,0.3548,2.6455
Wyoming,"Transportation, Communications, Utilities",2,563626,756,0.3548,2.6455
Wyoming,Retail Trade,3,563626,756,0.5323,3.9683
Wyoming,"Finance, Insurance, Real Estate",4,563626,756,0.7097,5.291
Wyoming,Services,13,563626,756,2.3065,17.1958
Missouri,"Oil & Gas Extraction, Mining",10,5988927,30140,0.167,0.3318
Missouri,"Manufacturing, Durable Goods",570,5988927,30140,9.5176,18.9117
Missouri,"Manufacturing, Nondurable Goods",144,5988927,30140,2.4044,4.7777
Missouri,"Transportation, Communications, Utilities",245,5988927,30140,4.0909,8.1287
Missouri,Retail Trade,45,5988927,30140,0.7514,1.493
Missouri,"Finance, Insurance, Real Estate",134,5988927,30140,2.2375,4.4459
Missouri,Services,84,5988927,30140,1.4026,2.787
Missouri,Wholesale,6,5988927,30140,0.1002,0.1991
Washington,"Oil & Gas Extraction, Mining",1,6724540,18780,0.0149,0.0532
Washington,"Manufacturing, Durable Goods",283,6724540,18780,4.2085,15.0692
Washington,"Manufacturing, Nondurable Goods",42,6724540,18780,0.6246,2.2364
Washington,"Transportation, Communications, Utilities",99,6724540,18780,1.4722,5.2716
Washington,Retail Trade,52,6724540,18780,0.7733,2.7689
Washington,"Finance, Insurance, Real Estate",44,6724540,18780,0.6543,2.3429
Washington,Services,107,6724540,18780,1.5912,5.6976
Washington,Construction,1,6724540,18780,0.0149,0.0532
Washington,Wholesale,4,6724540,18780,0.0595,0.213
Idaho,"Oil & Gas Extraction, Mining",1,1567582,2345,0.0638,0.4264
Idaho,"Manufacturing, Durable Goods",22,1567582,2345,1.4034,9.3817
Idaho,"Manufacturing, Nondurable Goods",7,1567582,2345,0.4465,2.9851
Idaho,"Transportation, Communications, Utilities",25,1567582,2345,1.5948,10.661
Idaho,Retail Trade,9,1567582,2345,0.5741,3.838
Idaho,"Finance, Insurance, Real Estate",25,1567582,2345,1.5948,10.661
Idaho,Services,9,1567582,2345,0.5741,3.838
West Virginia,"Oil & Gas Extraction, Mining",4,1852994,3558,0.2159,1.1242
West Virginia,"Manufacturing, Durable Goods",34,1852994,3558,1.8349,9.5559
West Virginia,"Manufacturing, Nondurable Goods",21,1852994,3558,1.1333,5.9022
West Virginia,"Transportation, Communications, Utilities",53,1852994,3558,2.8602,14.896
West Virginia,Retail Trade,16,1852994,3558,0.8635,4.4969
West Virginia,"Finance, Insurance, Real Estate",13,1852994,3558,0.7016,3.6537
West Virginia,Services,25,1852994,3558,1.3492,7.0264
West Virginia,Construction,2,1852994,3558,0.1079,0.5621
West Virginia,Wholesale,3,1852994,3558,0.1619,0.8432
Massachusetts,"Oil & Gas Extraction, Mining",3,6547629,27050,0.0458,0.1109
Massachusetts,"Manufacturing, Durable Goods",131,6547629,27050,2.0007,4.8429
Massachusetts,"Manufacturing, Nondurable Goods",48,6547629,27050,0.7331,1.7745
Massachusetts,"Transportation, Communications, Utilities",254,6547629,27050,3.8793,9.39
Massachusetts,Retail Trade,57,6547629,27050,0.8705,2.1072
Massachusetts,"Finance, Insurance, Real Estate",104,6547629,27050,1.5884,3.8447
Massachusetts,Services,278,6547629,27050,4.2458,10.2773
Massachusetts,Construction,2,6547629,27050,0.0305,0.0739
Massachusetts,Wholesale,7,6547629,27050,0.1069,0.2588
North Carolina,"Oil & Gas Extraction, Mining",3,9535483,22713,0.0315,0.1321
North Carolina,"Manufacturing, Durable Goods",146,9535483,22713,1.5311,6.428
North Carolina,"Manufacturing, Nondurable Goods",143,9535483,22713,1.4997,6.296
North Carolina,"Transportation, Communications, Utilities",154,9535483,22713,1.615,6.7803
North Carolina,Retail Trade,58,9535483,22713,0.6083,2.5536
North Carolina,"Finance, Insurance, Real Estate",113,9535483,22713,1.185,4.9751
North Carolina,Services,107,9535483,22713,1.1221,4.711
North Carolina,Wholesale,4,9535483,22713,0.0419,0.1761
Oregon,"Oil & Gas Extraction, Mining",1,3831074,15289,0.0261,0.0654
Oregon,"Manufacturing, Durable Goods",89,3831074,15289,2.3231,5.8212
Oregon,"Manufacturing, Nondurable Goods",23,3831074,15289,0.6004,1.5043
Oregon,"Transportation, Communications, Utilities",38,3831074,15289,0.9919,2.4854
Oregon,Retail Trade,56,3831074,15289,1.4617,3.6628
Oregon,"Finance, Insurance, Real Estate",26,3831074,15289,0.6787,1.7006
Oregon,Services,235,3831074,15289,6.1341,15.3705
Oregon,Construction,1,3831074,15289,0.0261,0.0654
Oregon,Wholesale,1,3831074,15289,0.0261,0.0654
Rhode Island,"Manufacturing, Durable Goods",35,1052567,4223,3.3252,8.2879
Rhode Island,"Manufacturing, Nondurable Goods",6,1052567,4223,0.57,1.4208
Rhode Island,"Transportation, Communications, Utilities",18,1052567,4223,1.7101,4.2624
Rhode Island,Retail Trade,14,1052567,4223,1.3301,3.3152
Rhode Island,"Finance, Insurance, Real Estate",20,1052567,4223,1.9001,4.736
Rhode Island,Services,29,1052567,4223,2.7552,6.8672
Colorado,"Oil & Gas Extraction, Mining",9,5029196,12893,0.179,0.6981
Colorado,"Manufacturing, Durable Goods",106,5029196,12893,2.1077,8.2215
Colorado,"Manufacturing, Nondurable Goods",40,5029196,12893,0.7954,3.1025
Colorado,"Transportation, Communications, Utilities",105,5029196,12893,2.0878,8.144
Colorado,Retail Trade,67,5029196,12893,1.3322,5.1966
Colorado,"Finance, Insurance, Real Estate",51,5029196,12893,1.0141,3.9556
Colorado,Services,92,5029196,12893,1.8293,7.1357
Colorado,Wholesale,5,5029196,12893,0.0994,0.3878
Connecticut,"Oil & Gas Extraction, Mining",2,3574097,14366,0.056,0.1392
Connecticut,"Manufacturing, Durable Goods",114,3574097,14366,3.1896,7.9354
Connecticut,"Manufacturing, Nondurable Goods",36,3574097,14366,1.0072,2.5059
Connecticut,"Transportation, Communications, Utilities",109,3574097,14366,3.0497,7.5874
Connecticut,Retail Trade,47,3574097,14366,1.315,3.2716
Connecticut,"Finance, Insurance, Real Estate",70,3574097,14366,1.9585,4.8726
Connecticut,Services,113,3574097,14366,3.1616,7.8658
Connecticut,"Agriculture, Forestry, Fishing",3,3574097,14366,0.0839,0.2088
Connecticut,Construction,29,3574097,14366,0.8114,2.0187
Connecticut,Wholesale,13,3574097,14366,0.3637,0.9049
New Hampshire,"Manufacturing, Durable Goods",29,1316470,3257,2.2029,8.9039
New Hampshire,"Manufacturing, Nondurable Goods",10,1316470,3257,0.7596,3.0703
New Hampshire,"Transportation, Communications, Utilities",39,1316470,3257,2.9625,11.9742
New Hampshire,Retail Trade,9,1316470,3257,0.6836,2.7633
New Hampshire,"Finance, Insurance, Real Estate",16,1316470,3257,1.2154,4.9125
New Hampshire,Services,20,1316470,3257,1.5192,6.1406
New Hampshire,Construction,2,1316470,3257,0.1519,0.6141
New Hampshire,Wholesale,1,1316470,3257,0.076,0.307
New Jersey,"Oil & Gas Extraction, Mining",5,8791894,25601,0.0569,0.1953
New Jersey,"Manufacturing, Durable Goods",134,8791894,25601,1.5241,5.2342
New Jersey,"Manufacturing, Nondurable Goods",130,8791894,25601,1.4786,5.0779
New Jersey,"Transportation, Communications, Utilities",414,8791894,25601,4.7089,16.1712
New Jersey,Retail Trade,76,8791894,25601,0.8644,2.9686
New Jersey,"Finance, Insurance, Real Estate",188,8791894,25601,2.1383,7.3435
New Jersey,Services,49,8791894,25601,0.5573,1.914
New Jersey,Wholesale,11,8791894,25601,0.1251,0.4297
Alabama,"Manufacturing, Durable Goods",234,4779736,19688,4.8957,11.8854
Alabama,"Manufacturing, Nondurable Goods",78,4779736,19688,1.6319,3.9618
Alabama,"Transportation, Communications, Utilities",125,4779736,19688,2.6152,6.349
Alabama,Retail Trade,23,4779736,19688,0.4812,1.1682
Alabama,"Finance, Insurance, Real Estate",28,4779736,19688,0.5858,1.4222
Alabama,Services,48,4779736,19688,1.0042,2.438
Alabama,Wholesale,1,4779736,19688,0.0209,0.0508
Alaska,"Oil & Gas Extraction, Mining",1,710231,1193,0.1408,0.8382
Alaska,"Manufacturing, Durable Goods",2,710231,1193,0.2816,1.6764
Alaska,"Manufacturing, Nondurable Goods",2,710231,1193,0.2816,1.6764
Alaska,"Transportation, Communications, Utilities",1,710231,1193,0.1408,0.8382
Alaska,Retail Trade,6,710231,1193,0.8448,5.0293
Alaska,"Finance, Insurance, Real Estate",2,710231,1193,0.2816,1.6764
Alaska,Services,18,710231,1193,2.5344,15.088
South Carolina,"Manufacturing, Durable Goods",146,4625364,8448,3.1565,17.2822
South Carolina,"Manufacturing, Nondurable Goods",59,4625364,8448,1.2756,6.9839
South Carolina,"Transportation, Communications, Utilities",78,4625364,8448,1.6864,9.233
South Carolina,Retail Trade,24,4625364,8448,0.5189,2.8409
South Carolina,"Finance, Insurance, Real Estate",25,4625364,8448,0.5405,2.9593
South Carolina,Services,35,4625364,8448,0.7567,4.143
South Carolina,Wholesale,1,4625364,8448,0.0216,0.1184
Kansas,"Oil & Gas Extraction, Mining",4,2853118,7854,0.1402,0.5093
Kansas,"Manufacturing, Durable Goods",91,2853118,7854,3.1895,11.5865
Kansas,"Manufacturing, Nondurable Goods",69,2853118,7854,2.4184,8.7853
Kansas,"Transportation, Communications, Utilities",54,2853118,7854,1.8927,6.8755
Kansas,Retail Trade,31,2853118,7854,1.0865,3.947
Kansas,"Finance, Insurance, Real Estate",26,2853118,7854,0.9113,3.3104
Kansas,Services,37,2853118,7854,1.2968,4.711
Kansas,Wholesale,1,2853118,7854,0.035,0.1273
Delaware,"Oil & Gas Extraction, Mining",3,897934,8224,0.3341,0.3648
Delaware,"Manufacturing, Durable Goods",101,897934,8224,11.248,12.2811
Delaware,"Manufacturing, Nondurable Goods",12,897934,8224,1.3364,1.4591
Delaware,"Transportation, Communications, Utilities",36,897934,8224,4.0092,4.3774
Delaware,Retail Trade,6,897934,8224,0.6682,0.7296
Delaware,"Finance, Insurance, Real Estate",39,897934,8224,4.3433,4.7422
Delaware,Services,8,897934,8224,0.8909,0.9728
Delaware,Wholesale,4,897934,8224,0.4455,0.4864
Utah,"Oil & Gas Extraction, Mining",3,2763885,11502,0.1085,0.2608
Utah,"Manufacturing, Durable Goods",45,2763885,11502,1.6281,3.9124
Utah,"Manufacturing, Nondurable Goods",15,2763885,11502,0.5427,1.3041
Utah,"Transportation, Communications, Utilities",43,2763885,11502,1.5558,3.7385
Utah,Retail Trade,39,2763885,11502,1.4111,3.3907
Utah,"Finance, Insurance, Real Estate",40,2763885,11502,1.4472,3.4777
Utah,Services,35,2763885,11502,1.2663,3.0429
Utah,Construction,5,2763885,11502,0.1809,0.4347
Utah,Wholesale,7,2763885,11502,0.2533,0.6086
Nebraska,"Manufacturing, Durable Goods",30,1826341,4084,1.6426,7.3457
Nebraska,"Manufacturing, Nondurable Goods",65,1826341,4084,3.559,15.9158
Nebraska,"Transportation, Communications, Utilities",21,1826341,4084,1.1498,5.142
Nebraska,Retail Trade,13,1826341,4084,0.7118,3.1832
Nebraska,"Finance, Insurance, Real Estate",18,1826341,4084,0.9856,4.4074
Nebraska,Services,36,1826341,4084,1.9712,8.8149
Nebraska,Wholesale,1,1826341,4084,0.0548,0.2449
Montana,"Oil & Gas Extraction, Mining",4,989415,1110,0.4043,3.6036
Montana,"Manufacturing, Durable Goods",8,989415,1110,0.8086,7.2072
Montana,"Manufacturing, Nondurable Goods",13,989415,1110,1.3139,11.7117
Montana,"Transportation, Communications, Utilities",14,989415,1110,1.415,12.6126
Montana,Retail Trade,12,989415,1110,1.2128,10.8108
Montana,"Finance, Insurance, Real Estate",4,989415,1110,0.4043,3.6036
Montana,Services,5,989415,1110,0.5053,4.5045
North Dakota,"Oil & Gas Extraction, Mining",1,672591,829,0.1487,1.2063
North Dakota,"Manufacturing, Durable Goods",23,672591,829,3.4196,27.7443
North Dakota,"Manufacturing, Nondurable Goods",6,672591,829,0.8921,7.2376
North Dakota,"Transportation, Communications, Utilities",2,672591,829,0.2974,2.4125
North Dakota,Retail Trade,4,672591,829,0.5947,4.8251
North Dakota,"Finance, Insurance, Real Estate",4,672591,829,0.5947,4.8251
North Dakota,Services,4,672591,829,0.5947,4.8251
South Dakota,"Manufacturing, Durable Goods",4,814180,1257,0.4913,3.1822
South Dakota,"Manufacturing, Nondurable Goods",14,814180,1257,1.7195,11.1376
South Dakota,"Transportation, Communications, Utilities",5,814180,1257,0.6141,3.9777
South Dakota,Retail Trade,9,814180,1257,1.1054,7.1599
South Dakota,"Finance, Insurance, Real Estate",16,814180,1257,1.9652,12.7287
South Dakota,Services,8,814180,1257,0.9826,6.3644
Hawaii,"Manufacturing, Durable Goods",3,1360301,230,0.2205,13.0435
Hawaii,"Transportation, Communications, Utilities",5,1360301,230,0.3676,21.7391
Hawaii,Retail Trade,1,1360301,230,0.0735,4.3478
Hawaii,"Finance, Insurance, Real Estate",2,1360301,230,0.147,8.6957
Vermont,"Manufacturing, Durable Goods",16,625741,686,2.557,23.3236
Vermont,"Manufacturing, Nondurable Goods",7,625741,686,1.1187,10.2041
Vermont,"Transportation, Communications, Utilities",10,625741,686,1.5981,14.5773
Vermont,Retail Trade,1,625741,686,0.1598,1.4577
Vermont,"Finance, Insurance, Real Estate",7,625741,686,1.1187,10.2041
Vermont,Services,4,625741,686,0.6392,5.8309
Puerto Rico,"Manufacturing, Nondurable Goods",1,3725789,728,0.0268,1.3736
