STATE,INDSTRY,CASES,CS_POP,DS_POP,CS_RATE,DS_RATE
Alabama,"Oil & Gas Extraction, Mining",2,4779736,5730,0.0418,0.349
Alabama,"Manufacturing, Durable Goods",613,4779736,5730,12.825,106.9808
Alabama,"Manufacturing, Nondurable Goods",202,4779736,5730,4.2262,35.2531
Alabama,"Transportation, Communications, Utilities",446,4779736,5730,9.3311,77.836
Alabama,Retail Trade,63,4779736,5730,1.3181,10.9948
Alabama,"Finance, Insurance, Real Estate",80,4779736,5730,1.6737,13.9616
Alabama,Services,185,4779736,5730,3.8705,32.2862
Alabama,Wholesale,4,4779736,5730,0.0837,0.6981
Alabama,"Agriculture, Forestry, Fishing",0,4779736,5730,0,0
Alabama,Construction,0,4779736,5730,0,0
Alaska,"Oil & Gas Extraction, Mining",10,710231,257,1.408,38.9105
Alaska,"Manufacturing, Durable Goods",5,710231,257,0.704,19.4553
Alaska,"Manufacturing, Nondurable Goods",1,710231,257,0.1408,3.8911
Alaska,"Transportation, Communications, Utilities",11,710231,257,1.5488,42.8016
Alaska,Retail Trade,17,710231,257,2.3936,66.1479
Alaska,"Finance, Insurance, Real Estate",1,710231,257,0.1408,3.8911
Alaska,Services,48,710231,257,6.7584,186.7704
Alaska,"Agriculture, Forestry, Fishing",0,710231,257,0,0
Alaska,Construction,0,710231,257,0,0
Alaska,Wholesale,0,710231,257,0,0
Arizona,"Oil & Gas Extraction, Mining",111,6392017,7456,1.7365,14.8873
Arizona,"Manufacturing, Durable Goods",541,6392017,7456,8.4637,72.559
Arizona,"Manufacturing, Nondurable Goods",65,6392017,7456,1.0169,8.7178
Arizona,"Transportation, Communications, Utilities",267,6392017,7456,4.1771,35.8101
Arizona,Retail Trade,154,6392017,7456,2.4093,20.6545
Arizona,"Finance, Insurance, Real Estate",421,6392017,7456,6.5863,56.4646
Arizona,Services,1107,6392017,7456,17.3185,148.471
Arizona,Construction,8,6392017,7456,0.1252,1.073
Arizona,Wholesale,7,6392017,7456,0.1095,0.9388
Arizona,"Agriculture, Forestry, Fishing",0,6392017,7456,0,0
Arkansas,"Oil & Gas Extraction, Mining",10,2915918,2052,0.3429,4.8733
Arkansas,"Manufacturing, Durable Goods",214,2915918,2052,7.339,104.2885
Arkansas,"Manufacturing, Nondurable Goods",320,2915918,2052,10.9742,155.9454
Arkansas,"Transportation, Communications, Utilities",206,2915918,2052,7.0647,100.3899
Arkansas,Retail Trade,34,2915918,2052,1.166,16.5692
Arkansas,"Finance, Insurance, Real Estate",45,2915918,2052,1.5433,21.9298
Arkansas,Services,53,2915918,2052,1.8176,25.8285
Arkansas,Wholesale,7,2915918,2052,0.2401,3.4113
Arkansas,"Agriculture, Forestry, Fishing",0,2915918,2052,0,0
Arkansas,Construction,0,2915918,2052,0,0
California,"Oil & Gas Extraction, Mining",30,37253956,40228,0.0805,0.7457
California,"Manufacturing, Durable Goods",946,37253956,40228,2.5393,23.516
California,"Manufacturing, Nondurable Goods",311,37253956,40228,0.8348,7.7309
California,"Transportation, Communications, Utilities",985,37253956,40228,2.644,24.4854
California,Retail Trade,286,37253956,40228,0.7677,7.1095
California,"Finance, Insurance, Real Estate",502,37253956,40228,1.3475,12.4789
California,Services,2269,37253956,40228,6.0906,56.4035
California,Construction,18,37253956,40228,0.0483,0.4474
California,Wholesale,24,37253956,40228,0.0644,0.5966
California,"Agriculture, Forestry, Fishing",0,37253956,40228,0,0
Colorado,"Oil & Gas Extraction, Mining",28,5029196,3198,0.5567,8.7555
Colorado,"Manufacturing, Durable Goods",225,5029196,3198,4.4739,70.3565
Colorado,"Manufacturing, Nondurable Goods",86,5029196,3198,1.71,26.8918
Colorado,"Transportation, Communications, Utilities",280,5029196,3198,5.5675,87.5547
Colorado,Retail Trade,116,5029196,3198,2.3065,36.2727
Colorado,"Finance, Insurance, Real Estate",97,5029196,3198,1.9287,30.3315
Colorado,Services,209,5029196,3198,4.1557,65.3533
Colorado,Construction,1,5029196,3198,0.0199,0.3127
Colorado,Wholesale,12,5029196,3198,0.2386,3.7523
Colorado,"Agriculture, Forestry, Fishing",0,5029196,3198,0,0
Connecticut,"Oil & Gas Extraction, Mining",3,3574097,3431,0.0839,0.8744
Connecticut,"Manufacturing, Durable Goods",415,3574097,3431,11.6113,120.956
Connecticut,"Manufacturing, Nondurable Goods",89,3574097,3431,2.4901,25.94
Connecticut,"Transportation, Communications, Utilities",277,3574097,3431,7.7502,80.7345
Connecticut,Retail Trade,91,3574097,3431,2.5461,26.5229
Connecticut,"Finance, Insurance, Real Estate",129,3574097,3431,3.6093,37.5984
Connecticut,Services,168,3574097,3431,4.7005,48.9653
Connecticut,"Agriculture, Forestry, Fishing",6,3574097,3431,0.1679,1.7488
Connecticut,Construction,31,3574097,3431,0.8674,9.0353
Connecticut,Wholesale,24,3574097,3431,0.6715,6.995
Delaware,"Oil & Gas Extraction, Mining",5,897934,2088,0.5568,2.3946
Delaware,"Manufacturing, Durable Goods",210,897934,2088,23.387,100.57470000000001
Delaware,"Manufacturing, Nondurable Goods",24,897934,2088,2.6728,11.4943
Delaware,"Transportation, Communications, Utilities",71,897934,2088,7.907,34.0038
Delaware,Retail Trade,16,897934,2088,1.7819,7.6628
Delaware,"Finance, Insurance, Real Estate",93,897934,2088,10.3571,44.5402
Delaware,Services,11,897934,2088,1.225,5.2682
Delaware,Wholesale,2,897934,2088,0.2227,0.9579
Delaware,"Agriculture, Forestry, Fishing",0,897934,2088,0,0
Delaware,Construction,0,897934,2088,0,0
Florida,"Oil & Gas Extraction, Mining",15,18801310,14966,0.0798,1.0023
Florida,"Manufacturing, Durable Goods",1259,18801310,14966,6.6963,84.124
Florida,"Manufacturing, Nondurable Goods",431,18801310,14966,2.2924,28.7986
Florida,"Transportation, Communications, Utilities",1601,18801310,14966,8.5154,106.9758
Florida,Retail Trade,517,18801310,14966,2.7498,34.545
Florida,"Finance, Insurance, Real Estate",876,18801310,14966,4.6592,58.5327
Florida,Services,1481,18801310,14966,7.8771,98.9576
Florida,Construction,5,18801310,14966,0.0266,0.3341
Florida,Wholesale,29,18801310,14966,0.1542,1.9377
Florida,"Agriculture, Forestry, Fishing",0,18801310,14966,0,0
Georgia,"Oil & Gas Extraction, Mining",10,9687653,22416,0.1032,0.4461
Georgia,"Manufacturing, Durable Goods",951,9687653,22416,9.8166,42.4251
Georgia,"Manufacturing, Nondurable Goods",632,9687653,22416,6.5238,28.1941
Georgia,"Transportation, Communications, Utilities",1352,9687653,22416,13.9559,60.3141
Georgia,Retail Trade,232,9687653,22416,2.3948,10.3498
Georgia,"Finance, Insurance, Real Estate",412,9687653,22416,4.2528,18.3797
Georgia,Services,795,9687653,22416,8.2063,35.4657
Georgia,Construction,1,9687653,22416,0.0103,0.0446
Georgia,Wholesale,25,9687653,22416,0.2581,1.1153
Georgia,"Agriculture, Forestry, Fishing",0,9687653,22416,0,0
Hawaii,"Oil & Gas Extraction, Mining",1,1360301,85,0.0735,11.7647
Hawaii,"Manufacturing, Durable Goods",6,1360301,85,0.4411,70.5882
Hawaii,"Manufacturing, Nondurable Goods",1,1360301,85,0.0735,11.7647
Hawaii,"Transportation, Communications, Utilities",15,1360301,85,1.1027,176.4706
Hawaii,Retail Trade,2,1360301,85,0.147,23.5294
Hawaii,"Finance, Insurance, Real Estate",8,1360301,85,0.5881,94.1176
Hawaii,Services,4,1360301,85,0.2941,47.0588
Hawaii,"Agriculture, Forestry, Fishing",0,1360301,85,0,0
Hawaii,Construction,0,1360301,85,0,0
Hawaii,Wholesale,0,1360301,85,0,0
Idaho,"Oil & Gas Extraction, Mining",2,1567582,569,0.1276,3.5149
Idaho,"Manufacturing, Durable Goods",31,1567582,569,1.9776,54.4815
Idaho,"Manufacturing, Nondurable Goods",14,1567582,569,0.8931,24.6046
Idaho,"Transportation, Communications, Utilities",34,1567582,569,2.1689,59.754
Idaho,Retail Trade,20,1567582,569,1.2759,35.1494
Idaho,"Finance, Insurance, Real Estate",29,1567582,569,1.85,50.9666
Idaho,Services,20,1567582,569,1.2759,35.1494
Idaho,Wholesale,1,1567582,569,0.0638,1.7575
Idaho,"Agriculture, Forestry, Fishing",0,1567582,569,0,0
Idaho,Construction,0,1567582,569,0,0
Illinois,"Oil & Gas Extraction, Mining",31,12830632,10670,0.2416,2.9053
Illinois,"Manufacturing, Durable Goods",1500,12830632,10670,11.6908,140.5811
Illinois,"Manufacturing, Nondurable Goods",491,12830632,10670,3.8268,46.0169
Illinois,"Transportation, Communications, Utilities",1249,12830632,10670,9.7345,117.0572
Illinois,Retail Trade,280,12830632,10670,2.1823,26.2418
Illinois,"Finance, Insurance, Real Estate",635,12830632,10670,4.9491,59.5127
Illinois,Services,343,12830632,10670,2.6733,32.1462
Illinois,Wholesale,18,12830632,10670,0.1403,1.687
Illinois,"Agriculture, Forestry, Fishing",0,12830632,10670,0,0
Illinois,Construction,0,12830632,10670,0,0
Indiana,"Oil & Gas Extraction, Mining",42,6483802,7465,0.6478,5.6263
Indiana,"Manufacturing, Durable Goods",2124,6483802,7465,32.7586,284.5278
Indiana,"Manufacturing, Nondurable Goods",209,6483802,7465,3.2234,27.9973
Indiana,"Transportation, Communications, Utilities",391,6483802,7465,6.0304,52.3778
Indiana,Retail Trade,134,6483802,7465,2.0667,17.9504
Indiana,"Finance, Insurance, Real Estate",148,6483802,7465,2.2826,19.8259
Indiana,Services,237,6483802,7465,3.6553,31.7482
Indiana,Wholesale,15,6483802,7465,0.2313,2.0094
Indiana,"Agriculture, Forestry, Fishing",0,6483802,7465,0,0
Indiana,Construction,0,6483802,7465,0,0
Iowa,"Oil & Gas Extraction, Mining",2,3046355,1738,0.0657,1.1507
Iowa,"Manufacturing, Durable Goods",186,3046355,1738,6.1057,107.0196
Iowa,"Manufacturing, Nondurable Goods",164,3046355,1738,5.3835,94.3613
Iowa,"Transportation, Communications, Utilities",52,3046355,1738,1.707,29.9194
Iowa,Retail Trade,31,3046355,1738,1.0176,17.8366
Iowa,"Finance, Insurance, Real Estate",52,3046355,1738,1.707,29.9194
Iowa,Services,52,3046355,1738,1.707,29.9194
Iowa,Wholesale,3,3046355,1738,0.0985,1.7261
Iowa,"Agriculture, Forestry, Fishing",0,3046355,1738,0,0
Iowa,Construction,0,3046355,1738,0,0
Kansas,"Oil & Gas Extraction, Mining",14,2853118,2026,0.4907,6.9102
Kansas,"Manufacturing, Durable Goods",215,2853118,2026,7.5356,106.1204
Kansas,"Manufacturing, Nondurable Goods",126,2853118,2026,4.4162,62.1915
Kansas,"Transportation, Communications, Utilities",124,2853118,2026,4.3461,61.2043
Kansas,Retail Trade,83,2853118,2026,2.9091,40.9674
Kansas,"Finance, Insurance, Real Estate",64,2853118,2026,2.2432,31.5893
Kansas,Services,77,2853118,2026,2.6988,38.0059
Kansas,Wholesale,2,2853118,2026,0.0701,0.9872
Kansas,"Agriculture, Forestry, Fishing",0,2853118,2026,0,0
Kansas,Construction,0,2853118,2026,0,0
Kentucky,"Oil & Gas Extraction, Mining",53,4339367,3823,1.2214,13.8635
Kentucky,"Manufacturing, Durable Goods",701,4339367,3823,16.1544,183.3639
Kentucky,"Manufacturing, Nondurable Goods",190,4339367,3823,4.3785,49.6992
Kentucky,"Transportation, Communications, Utilities",194,4339367,3823,4.4707,50.7455
Kentucky,Retail Trade,109,4339367,3823,2.5119,28.5116
Kentucky,"Finance, Insurance, Real Estate",93,4339367,3823,2.1432,24.3264
Kentucky,Services,234,4339367,3823,5.3925,61.2085
Kentucky,Wholesale,8,4339367,3823,0.1844,2.0926
Kentucky,"Agriculture, Forestry, Fishing",0,4339367,3823,0,0
Kentucky,Construction,0,4339367,3823,0,0
Louisiana,"Oil & Gas Extraction, Mining",143,4533372,2935,3.1544,48.7223
Louisiana,"Manufacturing, Durable Goods",458,4533372,2935,10.1029,156.0477
Louisiana,"Manufacturing, Nondurable Goods",162,4533372,2935,3.5735,55.1959
Louisiana,"Transportation, Communications, Utilities",274,4533372,2935,6.0441,93.356
Louisiana,Retail Trade,59,4533372,2935,1.3015,20.1022
Louisiana,"Finance, Insurance, Real Estate",147,4533372,2935,3.2426,50.0852
Louisiana,Services,111,4533372,2935,2.4485,37.8194
Louisiana,Wholesale,5,4533372,2935,0.1103,1.7036
Louisiana,"Agriculture, Forestry, Fishing",0,4533372,2935,0,0
Louisiana,Construction,0,4533372,2935,0,0
Maine,"Manufacturing, Durable Goods",69,1328361,548,5.1944,125.9124
Maine,"Manufacturing, Nondurable Goods",16,1328361,548,1.2045,29.1971
Maine,"Transportation, Communications, Utilities",35,1328361,548,2.6348,63.8686
Maine,Retail Trade,7,1328361,548,0.527,12.7737
Maine,"Finance, Insurance, Real Estate",26,1328361,548,1.9573,47.4453
Maine,Services,8,1328361,548,0.6022,14.5985
Maine,Construction,7,1328361,548,0.527,12.7737
Maine,Wholesale,2,1328361,548,0.1506,3.6496
Maine,"Oil & Gas Extraction, Mining",0,1328361,548,0,0
Maine,"Agriculture, Forestry, Fishing",0,1328361,548,0,0
Maryland,"Manufacturing, Durable Goods",479,5773552,4495,8.2965,106.5628
Maryland,"Manufacturing, Nondurable Goods",67,5773552,4495,1.1605,14.9055
Maryland,"Transportation, Communications, Utilities",812,5773552,4495,14.0641,180.6452
Maryland,Retail Trade,88,5773552,4495,1.5242,19.5773
Maryland,"Finance, Insurance, Real Estate",160,5773552,4495,2.7713,35.5951
Maryland,Services,135,5773552,4495,2.3382,30.0334
Maryland,Construction,2,5773552,4495,0.0346,0.4449
Maryland,Wholesale,7,5773552,4495,0.1212,1.5573
Maryland,"Oil & Gas Extraction, Mining",0,5773552,4495,0,0
Maryland,"Agriculture, Forestry, Fishing",0,5773552,4495,0,0
Massachusetts,"Oil & Gas Extraction, Mining",2,6547629,5945,0.0305,0.3364
Massachusetts,"Manufacturing, Durable Goods",322,6547629,5945,4.9178,54.1632
Massachusetts,"Manufacturing, Nondurable Goods",81,6547629,5945,1.2371,13.6249
Massachusetts,"Transportation, Communications, Utilities",419,6547629,5945,6.3993,70.4794
Massachusetts,Retail Trade,60,6547629,5945,0.9164,10.0925
Massachusetts,"Finance, Insurance, Real Estate",197,6547629,5945,3.0087,33.1371
Massachusetts,Services,563,6547629,5945,8.5985,94.7014
Massachusetts,Construction,1,6547629,5945,0.0153,0.1682
Massachusetts,Wholesale,7,6547629,5945,0.1069,1.1775
Massachusetts,"Agriculture, Forestry, Fishing",0,6547629,5945,0,0
Michigan,"Oil & Gas Extraction, Mining",26,9883640,23231,0.2631,1.1192
Michigan,"Manufacturing, Durable Goods",7346,9883640,23231,74.3248,316.2154
Michigan,"Manufacturing, Nondurable Goods",429,9883640,23231,4.3405,18.4667
Michigan,"Transportation, Communications, Utilities",693,9883640,23231,7.0116,29.8308
Michigan,Retail Trade,153,9883640,23231,1.548,6.586
Michigan,"Finance, Insurance, Real Estate",221,9883640,23231,2.236,9.5132
Michigan,Services,2004,9883640,23231,20.2759,86.264
Michigan,Wholesale,4,9883640,23231,0.0405,0.1722
Michigan,"Agriculture, Forestry, Fishing",0,9883640,23231,0,0
Michigan,Construction,0,9883640,23231,0,0
Minnesota,"Oil & Gas Extraction, Mining",14,5303925,2775,0.264,5.045
Minnesota,"Manufacturing, Durable Goods",154,5303925,2775,2.9035,55.4955
Minnesota,"Manufacturing, Nondurable Goods",96,5303925,2775,1.81,34.5946
Minnesota,"Transportation, Communications, Utilities",103,5303925,2775,1.942,37.1171
Minnesota,Retail Trade,188,5303925,2775,3.5445,67.7477
Minnesota,"Finance, Insurance, Real Estate",112,5303925,2775,2.1116,40.3604
Minnesota,Services,97,5303925,2775,1.8288,34.955
Minnesota,Wholesale,12,5303925,2775,0.2262,4.3243
Minnesota,"Agriculture, Forestry, Fishing",0,5303925,2775,0,0
Minnesota,Construction,0,5303925,2775,0,0
Mississippi,"Oil & Gas Extraction, Mining",14,2967297,4220,0.4718,3.3175
Mississippi,"Manufacturing, Durable Goods",382,2967297,4220,12.8737,90.5213
Mississippi,"Manufacturing, Nondurable Goods",136,2967297,4220,4.5833,32.2275
Mississippi,"Transportation, Communications, Utilities",173,2967297,4220,5.8302,40.9953
Mississippi,Retail Trade,39,2967297,4220,1.3143,9.2417
Mississippi,"Finance, Insurance, Real Estate",32,2967297,4220,1.0784,7.5829
Mississippi,Services,79,2967297,4220,2.6624,18.7204
Mississippi,Wholesale,7,2967297,4220,0.2359,1.6588
Mississippi,"Agriculture, Forestry, Fishing",0,2967297,4220,0,0
Mississippi,Construction,0,2967297,4220,0,0
Missouri,"Oil & Gas Extraction, Mining",36,5988927,8960,0.6011,4.0179
Missouri,"Manufacturing, Durable Goods",1319,5988927,8960,22.024,147.2098
Missouri,"Manufacturing, Nondurable Goods",316,5988927,8960,5.2764,35.2679
Missouri,"Transportation, Communications, Utilities",714,5988927,8960,11.922,79.6875
Missouri,Retail Trade,117,5988927,8960,1.9536,13.058
Missouri,"Finance, Insurance, Real Estate",231,5988927,8960,3.8571,25.7812
Missouri,Services,204,5988927,8960,3.4063,22.7679
Missouri,Construction,4,5988927,8960,0.0668,0.4464
Missouri,Wholesale,10,5988927,8960,0.167,1.1161
Missouri,"Agriculture, Forestry, Fishing",0,5988927,8960,0,0
Montana,"Oil & Gas Extraction, Mining",10,989415,290,1.0107,34.4828
Montana,"Manufacturing, Durable Goods",12,989415,290,1.2128,41.3793
Montana,"Manufacturing, Nondurable Goods",14,989415,290,1.415,48.2759
Montana,"Transportation, Communications, Utilities",9,989415,290,0.9096,31.0345
Montana,Retail Trade,10,989415,290,1.0107,34.4828
Montana,"Finance, Insurance, Real Estate",5,989415,290,0.5053,17.2414
Montana,Services,10,989415,290,1.0107,34.4828
Montana,Wholesale,1,989415,290,0.1011,3.4483
Montana,"Agriculture, Forestry, Fishing",0,989415,290,0,0
Montana,Construction,0,989415,290,0,0
Nebraska,"Oil & Gas Extraction, Mining",2,1826341,988,0.1095,2.0243
Nebraska,"Manufacturing, Durable Goods",47,1826341,988,2.5735,47.5709
Nebraska,"Manufacturing, Nondurable Goods",118,1826341,988,6.461,119.4332
Nebraska,"Transportation, Communications, Utilities",39,1826341,988,2.1354,39.4737
Nebraska,Retail Trade,30,1826341,988,1.6426,30.3644
Nebraska,"Finance, Insurance, Real Estate",32,1826341,988,1.7521,32.3887
Nebraska,Services,59,1826341,988,3.2305,59.7166
Nebraska,Wholesale,2,1826341,988,0.1095,2.0243
Nebraska,"Agriculture, Forestry, Fishing",0,1826341,988,0,0
Nebraska,Construction,0,1826341,988,0,0
Nevada,"Oil & Gas Extraction, Mining",8,2700551,2031,0.2962,3.9389
Nevada,"Manufacturing, Durable Goods",93,2700551,2031,3.4437,45.7903
Nevada,"Manufacturing, Nondurable Goods",33,2700551,2031,1.222,16.2482
Nevada,"Transportation, Communications, Utilities",112,2700551,2031,4.1473,55.1452
Nevada,Retail Trade,53,2700551,2031,1.9626,26.0955
Nevada,"Finance, Insurance, Real Estate",86,2700551,2031,3.1845,42.3437
Nevada,Services,278,2700551,2031,10.2942,136.8784
Nevada,Construction,3,2700551,2031,0.1111,1.4771
Nevada,Wholesale,6,2700551,2031,0.2222,2.9542
Nevada,"Agriculture, Forestry, Fishing",0,2700551,2031,0,0
New Hampshire,"Manufacturing, Durable Goods",56,1316470,735,4.2538,76.1905
New Hampshire,"Manufacturing, Nondurable Goods",17,1316470,735,1.2913,23.1293
New Hampshire,"Transportation, Communications, Utilities",77,1316470,735,5.849,104.7619
New Hampshire,Retail Trade,7,1316470,735,0.5317,9.5238
New Hampshire,"Finance, Insurance, Real Estate",22,1316470,735,1.6711,29.932
New Hampshire,Services,42,1316470,735,3.1903,57.1429
New Hampshire,Wholesale,1,1316470,735,0.076,1.3605
New Hampshire,"Oil & Gas Extraction, Mining",0,1316470,735,0,0
New Hampshire,"Agriculture, Forestry, Fishing",0,1316470,735,0,0
New Hampshire,Construction,0,1316470,735,0,0
New Jersey,"Oil & Gas Extraction, Mining",28,8791894,6690,0.3185,4.1854
New Jersey,"Manufacturing, Durable Goods",380,8791894,6690,4.3222,56.8012
New Jersey,"Manufacturing, Nondurable Goods",351,8791894,6690,3.9923,52.4664
New Jersey,"Transportation, Communications, Utilities",1128,8791894,6690,12.83,168.6099
New Jersey,Retail Trade,184,8791894,6690,2.0928,27.5037
New Jersey,"Finance, Insurance, Real Estate",507,8791894,6690,5.7667,75.7848
New Jersey,Services,137,8791894,6690,1.5583,20.4783
New Jersey,Construction,2,8791894,6690,0.0227,0.299
New Jersey,Wholesale,16,8791894,6690,0.182,2.3916
New Jersey,"Agriculture, Forestry, Fishing",0,8791894,6690,0,0
New Mexico,"Oil & Gas Extraction, Mining",18,2059179,508,0.8741,35.4331
New Mexico,"Manufacturing, Durable Goods",54,2059179,508,2.6224,106.2992
New Mexico,"Manufacturing, Nondurable Goods",12,2059179,508,0.5828,23.622
New Mexico,"Transportation, Communications, Utilities",30,2059179,508,1.4569,59.0551
New Mexico,Retail Trade,4,2059179,508,0.1943,7.874
New Mexico,"Finance, Insurance, Real Estate",7,2059179,508,0.3399,13.7795
New Mexico,Services,35,2059179,508,1.6997,68.8976
New Mexico,Wholesale,1,2059179,508,0.0486,1.9685
New Mexico,"Agriculture, Forestry, Fishing",0,2059179,508,0,0
New Mexico,Construction,0,2059179,508,0,0
New York,"Oil & Gas Extraction, Mining",6,19378102,9491,0.031,0.6322
New York,"Manufacturing, Durable Goods",1112,19378102,9491,5.7384,117.1636
New York,"Manufacturing, Nondurable Goods",167,19378102,9491,0.8618,17.5956
New York,"Transportation, Communications, Utilities",1108,19378102,9491,5.7178,116.7422
New York,Retail Trade,207,19378102,9491,1.0682,21.8101
New York,"Finance, Insurance, Real Estate",841,19378102,9491,4.34,88.6103
New York,Services,290,19378102,9491,1.4965,30.5553
New York,Wholesale,3,19378102,9491,0.0155,0.3161
New York,"Agriculture, Forestry, Fishing",0,19378102,9491,0,0
New York,Construction,0,19378102,9491,0,0
North Carolina,"Oil & Gas Extraction, Mining",4,9535483,5321,0.0419,0.7517
North Carolina,"Manufacturing, Durable Goods",371,9535483,5321,3.8907,69.7237
North Carolina,"Manufacturing, Nondurable Goods",425,9535483,5321,4.457,79.8722
North Carolina,"Transportation, Communications, Utilities",461,9535483,5321,4.8346,86.6379
North Carolina,Retail Trade,124,9535483,5321,1.3004,23.3039
North Carolina,"Finance, Insurance, Real Estate",273,9535483,5321,2.863,51.3061
North Carolina,Services,182,9535483,5321,1.9087,34.2041
North Carolina,Wholesale,11,9535483,5321,0.1154,2.0673
North Carolina,"Agriculture, Forestry, Fishing",0,9535483,5321,0,0
North Carolina,Construction,0,9535483,5321,0,0
North Dakota,"Oil & Gas Extraction, Mining",1,672591,264,0.1487,3.7879
North Dakota,"Manufacturing, Durable Goods",63,672591,264,9.3668,238.6364
North Dakota,"Manufacturing, Nondurable Goods",16,672591,264,2.3789,60.6061
North Dakota,"Transportation, Communications, Utilities",8,672591,264,1.1894,30.303
North Dakota,Retail Trade,8,672591,264,1.1894,30.303
North Dakota,"Finance, Insurance, Real Estate",6,672591,264,0.8921,22.7273
North Dakota,Services,2,672591,264,0.2974,7.5758
North Dakota,"Agriculture, Forestry, Fishing",0,672591,264,0,0
North Dakota,Construction,0,672591,264,0,0
North Dakota,Wholesale,0,672591,264,0,0
Ohio,"Oil & Gas Extraction, Mining",83,11536504,18596,0.7195,4.4633
Ohio,"Manufacturing, Durable Goods",4344,11536504,18596,37.6544,233.5986
Ohio,"Manufacturing, Nondurable Goods",402,11536504,18596,3.4846,21.6176
Ohio,"Transportation, Communications, Utilities",972,11536504,18596,8.4254,52.2693
Ohio,Retail Trade,311,11536504,18596,2.6958,16.724
Ohio,"Finance, Insurance, Real Estate",582,11536504,18596,5.0449,31.2971
Ohio,Services,949,11536504,18596,8.2261,51.0325
Ohio,Wholesale,9,11536504,18596,0.078,0.484
Ohio,"Agriculture, Forestry, Fishing",0,11536504,18596,0,0
Ohio,Construction,0,11536504,18596,0,0
Oklahoma,"Oil & Gas Extraction, Mining",138,3751351,2496,3.6787,55.2885
Oklahoma,"Manufacturing, Durable Goods",311,3751351,2496,8.2903,124.5994
Oklahoma,"Manufacturing, Nondurable Goods",107,3751351,2496,2.8523,42.8686
Oklahoma,"Transportation, Communications, Utilities",337,3751351,2496,8.9834,135.016
Oklahoma,Retail Trade,49,3751351,2496,1.3062,19.6314
Oklahoma,"Finance, Insurance, Real Estate",81,3751351,2496,2.1592,32.4519
Oklahoma,Services,61,3751351,2496,1.6261,24.4391
Oklahoma,Wholesale,5,3751351,2496,0.1333,2.0032
Oklahoma,"Agriculture, Forestry, Fishing",0,3751351,2496,0,0
Oklahoma,Construction,0,3751351,2496,0,0
Oregon,"Oil & Gas Extraction, Mining",4,3831074,3046,0.1044,1.3132
Oregon,"Manufacturing, Durable Goods",132,3831074,3046,3.4455,43.3355
Oregon,"Manufacturing, Nondurable Goods",30,3831074,3046,0.7831,9.849
Oregon,"Transportation, Communications, Utilities",68,3831074,3046,1.775,22.3244
Oregon,Retail Trade,101,3831074,3046,2.6363,33.1582
Oregon,"Finance, Insurance, Real Estate",56,3831074,3046,1.4617,18.3848
Oregon,Services,511,3831074,3046,13.3383,167.761
Oregon,Construction,1,3831074,3046,0.0261,0.3283
Oregon,Wholesale,3,3831074,3046,0.0783,0.9849
Oregon,"Agriculture, Forestry, Fishing",0,3831074,3046,0,0
Pennsylvania,"Oil & Gas Extraction, Mining",17,12702379,8980,0.1338,1.8931
Pennsylvania,"Manufacturing, Durable Goods",878,12702379,8980,6.9121,97.7728
Pennsylvania,"Manufacturing, Nondurable Goods",536,12702379,8980,4.2197,59.6882
Pennsylvania,"Transportation, Communications, Utilities",1028,12702379,8980,8.093,114.4766
Pennsylvania,Retail Trade,239,12702379,8980,1.8815,26.6147
Pennsylvania,"Finance, Insurance, Real Estate",505,12702379,8980,3.9756,56.2361
Pennsylvania,Services,281,12702379,8980,2.2122,31.2918
Pennsylvania,Construction,1,12702379,8980,0.0079,0.1114
Pennsylvania,Wholesale,10,12702379,8980,0.0787,1.1136
Pennsylvania,"Agriculture, Forestry, Fishing",0,12702379,8980,0,0
Puerto Rico,"Manufacturing, Durable Goods",1,3725789,117,0.0268,8.547
Puerto Rico,"Manufacturing, Nondurable Goods",34,3725789,117,0.9126,290.5983
Puerto Rico,"Transportation, Communications, Utilities",4,3725789,117,0.1074,34.188
Puerto Rico,Services,1,3725789,117,0.0268,8.547
Puerto Rico,"Oil & Gas Extraction, Mining",0,3725789,117,0,0
Puerto Rico,Retail Trade,0,3725789,117,0,0
Puerto Rico,"Finance, Insurance, Real Estate",0,3725789,117,0,0
Puerto Rico,"Agriculture, Forestry, Fishing",0,3725789,117,0,0
Puerto Rico,Construction,0,3725789,117,0,0
Puerto Rico,Wholesale,0,3725789,117,0,0
Rhode Island,"Manufacturing, Durable Goods",59,1052567,795,5.6053,74.2138
Rhode Island,"Manufacturing, Nondurable Goods",7,1052567,795,0.665,8.805
Rhode Island,"Transportation, Communications, Utilities",41,1052567,795,3.8952,51.5723
Rhode Island,Retail Trade,14,1052567,795,1.3301,17.6101
Rhode Island,"Finance, Insurance, Real Estate",26,1052567,795,2.4702,32.7044
Rhode Island,Services,42,1052567,795,3.9902,52.8302
Rhode Island,"Oil & Gas Extraction, Mining",0,1052567,795,0,0
Rhode Island,"Agriculture, Forestry, Fishing",0,1052567,795,0,0
Rhode Island,Construction,0,1052567,795,0,0
Rhode Island,Wholesale,0,1052567,795,0,0
South Carolina,"Oil & Gas Extraction, Mining",5,4625364,2399,0.1081,2.0842
South Carolina,"Manufacturing, Durable Goods",317,4625364,2399,6.8535,132.1384
South Carolina,"Manufacturing, Nondurable Goods",172,4625364,2399,3.7186,71.6965
South Carolina,"Transportation, Communications, Utilities",264,4625364,2399,5.7077,110.0459
South Carolina,Retail Trade,57,4625364,2399,1.2323,23.7599
South Carolina,"Finance, Insurance, Real Estate",78,4625364,2399,1.6864,32.5135
South Carolina,Services,61,4625364,2399,1.3188,25.4273
South Carolina,Wholesale,7,4625364,2399,0.1513,2.9179
South Carolina,"Agriculture, Forestry, Fishing",0,4625364,2399,0,0
South Carolina,Construction,0,4625364,2399,0,0
South Dakota,"Manufacturing, Durable Goods",10,814180,360,1.2282,27.7778
South Dakota,"Manufacturing, Nondurable Goods",39,814180,360,4.7901,108.3333
South Dakota,"Transportation, Communications, Utilities",8,814180,360,0.9826,22.2222
South Dakota,Retail Trade,11,814180,360,1.3511,30.5556
South Dakota,"Finance, Insurance, Real Estate",34,814180,360,4.176,94.4444
South Dakota,Services,15,814180,360,1.8423,41.6667
South Dakota,"Oil & Gas Extraction, Mining",0,814180,360,0,0
South Dakota,"Agriculture, Forestry, Fishing",0,814180,360,0,0
South Dakota,Construction,0,814180,360,0,0
South Dakota,Wholesale,0,814180,360,0,0
Tennessee,"Oil & Gas Extraction, Mining",9,6346105,10788,0.1418,0.8343
Tennessee,"Manufacturing, Durable Goods",764,6346105,10788,12.0389,70.8194
Tennessee,"Manufacturing, Nondurable Goods",461,6346105,10788,7.2643,42.7327
Tennessee,"Transportation, Communications, Utilities",968,6346105,10788,15.2535,89.7293
Tennessee,Retail Trade,177,6346105,10788,2.7891,16.4071
Tennessee,"Finance, Insurance, Real Estate",150,6346105,10788,2.3637,13.9043
Tennessee,Services,436,6346105,10788,6.8704,40.4153
Tennessee,Construction,1,6346105,10788,0.0158,0.0927
Tennessee,Wholesale,26,6346105,10788,0.4097,2.4101
Tennessee,"Agriculture, Forestry, Fishing",0,6346105,10788,0,0
Texas,"Oil & Gas Extraction, Mining",587,25145561,24161,2.3344,24.2954
Texas,"Manufacturing, Durable Goods",1679,25145561,24161,6.6771,69.4922
Texas,"Manufacturing, Nondurable Goods",1321,25145561,24161,5.2534,54.6749
Texas,"Transportation, Communications, Utilities",2568,25145561,24161,10.2125,106.287
Texas,Retail Trade,609,25145561,24161,2.4219,25.2059
Texas,"Finance, Insurance, Real Estate",1357,25145561,24161,5.3966,56.1649
Texas,Services,1913,25145561,24161,7.6077,79.1772
Texas,Construction,6,25145561,24161,0.0239,0.2483
Texas,Wholesale,36,25145561,24161,0.1432,1.49
Texas,"Agriculture, Forestry, Fishing",0,25145561,24161,0,0
Utah,"Oil & Gas Extraction, Mining",3,2763885,2598,0.1085,1.1547
Utah,"Manufacturing, Durable Goods",37,2763885,2598,1.3387,14.2417
Utah,"Manufacturing, Nondurable Goods",26,2763885,2598,0.9407,10.0077
Utah,"Transportation, Communications, Utilities",48,2763885,2598,1.7367,18.4758
Utah,Retail Trade,28,2763885,2598,1.0131,10.7775
Utah,"Finance, Insurance, Real Estate",41,2763885,2598,1.4834,15.7814
Utah,Services,23,2763885,2598,0.8322,8.853
Utah,Wholesale,4,2763885,2598,0.1447,1.5396
Utah,"Agriculture, Forestry, Fishing",0,2763885,2598,0,0
Utah,Construction,0,2763885,2598,0,0
Vermont,"Manufacturing, Durable Goods",18,625741,188,2.8766,95.7447
Vermont,"Manufacturing, Nondurable Goods",3,625741,188,0.4794,15.9574
Vermont,"Transportation, Communications, Utilities",5,625741,188,0.7991,26.5957
Vermont,Retail Trade,2,625741,188,0.3196,10.6383
Vermont,"Finance, Insurance, Real Estate",4,625741,188,0.6392,21.2766
Vermont,Services,2,625741,188,0.3196,10.6383
Vermont,"Oil & Gas Extraction, Mining",0,625741,188,0,0
Vermont,"Agriculture, Forestry, Fishing",0,625741,188,0,0
Vermont,Construction,0,625741,188,0,0
Vermont,Wholesale,0,625741,188,0,0
Virginia,"Oil & Gas Extraction, Mining",4,8001024,4923,0.05,0.8125
Virginia,"Manufacturing, Durable Goods",450,8001024,4923,5.6243,91.4077
Virginia,"Manufacturing, Nondurable Goods",209,8001024,4923,2.6122,42.4538
Virginia,"Transportation, Communications, Utilities",523,8001024,4923,6.5367,106.236
Virginia,Retail Trade,142,8001024,4923,1.7748,28.8442
Virginia,"Finance, Insurance, Real Estate",181,8001024,4923,2.2622,36.7662
Virginia,Services,253,8001024,4923,3.1621,51.3914
Virginia,Construction,1,8001024,4923,0.0125,0.2031
Virginia,Wholesale,9,8001024,4923,0.1125,1.8282
Virginia,"Agriculture, Forestry, Fishing",0,8001024,4923,0,0
Washington,"Oil & Gas Extraction, Mining",6,6724540,3538,0.0892,1.6959
Washington,"Manufacturing, Durable Goods",295,6724540,3538,4.3869,83.3804
Washington,"Manufacturing, Nondurable Goods",65,6724540,3538,0.9666,18.372
Washington,"Transportation, Communications, Utilities",158,6724540,3538,2.3496,44.658
Washington,Retail Trade,101,6724540,3538,1.502,28.5472
Washington,"Finance, Insurance, Real Estate",74,6724540,3538,1.1004,20.9158
Washington,Services,187,6724540,3538,2.7809,52.8547
Washington,Construction,4,6724540,3538,0.0595,1.1306
Washington,Wholesale,3,6724540,3538,0.0446,0.8479
Washington,"Agriculture, Forestry, Fishing",0,6724540,3538,0,0
West Virginia,"Oil & Gas Extraction, Mining",16,1852994,1245,0.8635,12.8514
West Virginia,"Manufacturing, Durable Goods",104,1852994,1245,5.6125,83.5341
West Virginia,"Manufacturing, Nondurable Goods",92,1852994,1245,4.9649,73.8956
West Virginia,"Transportation, Communications, Utilities",203,1852994,1245,10.9552,163.0522
West Virginia,Retail Trade,21,1852994,1245,1.1333,16.8675
West Virginia,"Finance, Insurance, Real Estate",30,1852994,1245,1.619,24.0964
West Virginia,Services,70,1852994,1245,3.7777,56.2249
West Virginia,Wholesale,2,1852994,1245,0.1079,1.6064
West Virginia,"Agriculture, Forestry, Fishing",0,1852994,1245,0,0
West Virginia,Construction,0,1852994,1245,0,0
Wisconsin,"Oil & Gas Extraction, Mining",7,5686986,3168,0.1231,2.2096
Wisconsin,"Manufacturing, Durable Goods",318,5686986,3168,5.5917,100.3788
Wisconsin,"Manufacturing, Nondurable Goods",283,5686986,3168,4.9763,89.3308
Wisconsin,"Transportation, Communications, Utilities",174,5686986,3168,3.0596,54.9242
Wisconsin,Retail Trade,83,5686986,3168,1.4595,26.1995
Wisconsin,"Finance, Insurance, Real Estate",225,5686986,3168,3.9564,71.0227
Wisconsin,Services,100,5686986,3168,1.7584,31.5657
Wisconsin,Wholesale,5,5686986,3168,0.0879,1.5783
Wisconsin,"Agriculture, Forestry, Fishing",0,5686986,3168,0,0
Wisconsin,Construction,0,5686986,3168,0,0
Wyoming,"Oil & Gas Extraction, Mining",7,563626,179,1.242,39.1061
Wyoming,"Manufacturing, Durable Goods",4,563626,179,0.7097,22.3464
Wyoming,"Manufacturing, Nondurable Goods",2,563626,179,0.3548,11.1732
Wyoming,"Transportation, Communications, Utilities",6,563626,179,1.0645,33.5196
Wyoming,Retail Trade,14,563626,179,2.4839,78.2123
Wyoming,"Finance, Insurance, Real Estate",6,563626,179,1.0645,33.5196
Wyoming,Services,22,563626,179,3.9033,122.905
Wyoming,"Agriculture, Forestry, Fishing",0,563626,179,0,0
Wyoming,Construction,0,563626,179,0,0
Wyoming,Wholesale,0,563626,179,0,0
